{
  "metadata": {
    "timestamp_utc": "2026-02-28T19:41:02.694Z",
    "node_version": "v24.13.0",
    "platform": "win32",
    "benchmark_engine": "Benchmark.js",
    "accuracy_cases": 1000
  },
  "spec_sample": {
    "input_chars": 691,
    "tag_count": 4,
    "regex_parse": {
      "count": 125,
      "avg_ms": 0.0015116137128322001,
      "median_ms": 0.0014869402254482393,
      "p95_ms": 0.0017083806198166737,
      "min_ms": 0.0013860132038411176,
      "max_ms": 0.0022686627018769097,
      "std_ms": 0.00012247347961186677,
      "hz": 661544.6734247816,
      "rme_pct": 1.4260884501802056
    },
    "regex_clean": {
      "count": 125,
      "avg_ms": 0.0017816398542610094,
      "median_ms": 0.001634141652195485,
      "p95_ms": 0.002413064376085338,
      "min_ms": 0.0015377939512553134,
      "max_ms": 0.0030235008103727716,
      "std_ms": 0.0002931447712446993,
      "hz": 561280.6637707265,
      "rme_pct": 2.896059377546657
    },
    "linear_parse": {
      "count": 126,
      "avg_ms": 0.0017817430283219233,
      "median_ms": 0.0016795657382449834,
      "p95_ms": 0.002319793351302785,
      "min_ms": 0.0015046241389637615,
      "max_ms": 0.002605566625155666,
      "std_ms": 0.00026496982969896013,
      "hz": 561248.1621111307,
      "rme_pct": 2.6070683861360475
    },
    "linear_clean": {
      "count": 126,
      "avg_ms": 0.002435544043435877,
      "median_ms": 0.0023168417288696196,
      "p95_ms": 0.0031716919540229886,
      "min_ms": 0.002229572354211663,
      "max_ms": 0.0039385293424463825,
      "std_ms": 0.00031384215937509905,
      "hz": 410585.88231862854,
      "rme_pct": 2.259000674186871
    }
  },
  "scaling": [
    {
      "chars": 693,
      "tags": 4,
      "parse": {
        "count": 126,
        "avg_ms": 0.001615938237965371,
        "median_ms": 0.0016045614464465995,
        "p95_ms": 0.0016771011340686655,
        "min_ms": 0.00153114999847034,
        "max_ms": 0.0019402523261315252,
        "std_ms": 0.00005546260629304015,
        "hz": 618835.5325133593,
        "rme_pct": 0.601695247342932
      },
      "clean": {
        "count": 126,
        "avg_ms": 0.0017544113822767795,
        "median_ms": 0.0017415762421473444,
        "p95_ms": 0.0018321933684953137,
        "min_ms": 0.001674022644022644,
        "max_ms": 0.0020689458786618013,
        "std_ms": 0.00004702092490306201,
        "hz": 569991.7420179154,
        "rme_pct": 0.469851692938643
      }
    },
    {
      "chars": 10000,
      "tags": 50,
      "parse": {
        "count": 124,
        "avg_ms": 0.013488561620020415,
        "median_ms": 0.013346560445118867,
        "p95_ms": 0.014095046357615895,
        "min_ms": 0.012649962339944766,
        "max_ms": 0.017430551340414772,
        "std_ms": 0.0006796528168443535,
        "hz": 74136.88932671282,
        "rme_pct": 0.8904816952936684
      },
      "clean": {
        "count": 126,
        "avg_ms": 0.014933878960674402,
        "median_ms": 0.01461390147225368,
        "p95_ms": 0.016176960090574583,
        "min_ms": 0.01415604302292669,
        "max_ms": 0.024733654118313048,
        "std_ms": 0.0013424572497934323,
        "hz": 66961.83909306576,
        "rme_pct": 1.5759008958482517
      }
    },
    {
      "chars": 20000,
      "tags": 100,
      "parse": {
        "count": 126,
        "avg_ms": 0.024081335205477596,
        "median_ms": 0.023984294871794876,
        "p95_ms": 0.025101184834123224,
        "min_ms": 0.02299464285714286,
        "max_ms": 0.026163924349881795,
        "std_ms": 0.0005967561803445965,
        "hz": 41525.93664210686,
        "rme_pct": 0.43442761836272836
      },
      "clean": {
        "count": 126,
        "avg_ms": 0.028634024649125626,
        "median_ms": 0.02851948123620309,
        "p95_ms": 0.02958471302428256,
        "min_ms": 0.027663962472406184,
        "max_ms": 0.030482244556113904,
        "std_ms": 0.0005740422751086304,
        "hz": 34923.48743335094,
        "rme_pct": 0.35144919054413515
      }
    }
  ],
  "accuracy": {
    "cases": 1000,
    "total_expected_tags": 14594,
    "exact_case_accuracy_pct": 100,
    "per_tag_accuracy_pct": 100
  }
}
