{
  "metadata": {
    "timestamp_utc": "2026-02-28T20:51:56.951024+00:00",
    "python_version": "3.14.2 (tags/v3.14.2:df79316, Dec  5 2025, 17:18:21) [MSC v.1944 64 bit (AMD64)]",
    "platform": "Windows-11-10.0.26200-SP0",
    "runs": 500,
    "scale_runs": 500,
    "accuracy_cases": 1000
  },
  "spec_sample": {
    "input_chars": 691,
    "tag_count": 4,
    "regex_parse": {
      "count": 500,
      "avg_ms": 0.010796799790114164,
      "median_ms": 0.007399998139590025,
      "p95_ms": 0.014699995517730713,
      "min_ms": 0.006299989763647318,
      "max_ms": 0.3546999651007354,
      "std_ms": 0.01671414088761699
    },
    "regex_clean": {
      "count": 500,
      "avg_ms": 0.011720999726094306,
      "median_ms": 0.010699965059757233,
      "p95_ms": 0.0198000343516469,
      "min_ms": 0.010499963536858559,
      "max_ms": 0.10170001769438386,
      "std_ms": 0.005417662217253975
    },
    "linear_parse": {
      "count": 500,
      "avg_ms": 0.0496317989891395,
      "median_ms": 0.03860000288113952,
      "p95_ms": 0.08820003131404519,
      "min_ms": 0.03709999145939946,
      "max_ms": 0.4073000163771212,
      "std_ms": 0.0316916384418052
    },
    "linear_clean": {
      "count": 500,
      "avg_ms": 0.06841200147755444,
      "median_ms": 0.06049999501556158,
      "p95_ms": 0.1029000268317759,
      "min_ms": 0.04239997360855341,
      "max_ms": 0.6839999696239829,
      "std_ms": 0.059630692616206
    }
  },
  "scaling": [
    {
      "chars": 693,
      "tags": 4,
      "parse": {
        "count": 500,
        "avg_ms": 0.01522079948335886,
        "median_ms": 0.01309998333454132,
        "p95_ms": 0.020899984519928694,
        "min_ms": 0.007800001185387373,
        "max_ms": 0.382099999114871,
        "std_ms": 0.02178899905994335
      },
      "clean": {
        "count": 500,
        "avg_ms": 0.03161479940172285,
        "median_ms": 0.027799978852272034,
        "p95_ms": 0.051099981646984816,
        "min_ms": 0.0173999578692019,
        "max_ms": 0.5022999830543995,
        "std_ms": 0.03383770359583471
      }
    },
    {
      "chars": 10000,
      "tags": 50,
      "parse": {
        "count": 500,
        "avg_ms": 0.14626580069307238,
        "median_ms": 0.12750003952533007,
        "p95_ms": 0.2196000423282385,
        "min_ms": 0.09240000508725643,
        "max_ms": 0.6505000055767596,
        "std_ms": 0.0720783721732481
      },
      "clean": {
        "count": 500,
        "avg_ms": 0.31329659977927804,
        "median_ms": 0.2934999647550285,
        "p95_ms": 0.534999999217689,
        "min_ms": 0.202000024728477,
        "max_ms": 0.9717000066302717,
        "std_ms": 0.11878773636572697
      }
    },
    {
      "chars": 20000,
      "tags": 100,
      "parse": {
        "count": 500,
        "avg_ms": 0.323573398636654,
        "median_ms": 0.31589996069669724,
        "p95_ms": 0.6441999576054513,
        "min_ms": 0.18500001169741154,
        "max_ms": 1.4179999707266688,
        "std_ms": 0.15678946195634666
      },
      "clean": {
        "count": 500,
        "avg_ms": 0.6191279995255172,
        "median_ms": 0.5645999917760491,
        "p95_ms": 1.0356000275351107,
        "min_ms": 0.40499999886378646,
        "max_ms": 1.9990999717265368,
        "std_ms": 0.21810526308922534
      }
    }
  ],
  "accuracy": {
    "cases": 1000,
    "total_expected_tags": 14912,
    "exact_case_accuracy_pct": 100.0,
    "per_tag_accuracy_pct": 100.0
  }
}