{
  "metadata": {
    "timestamp_utc": "2026-02-28T20:52:18.693447+00:00",
    "python_version": "3.14.2 (tags/v3.14.2:df79316, Dec  5 2025, 17:18:21) [MSC v.1944 64 bit (AMD64)]",
    "platform": "Windows-11-10.0.26200-SP0",
    "runs": 250,
    "corpus_size": 1000,
    "vector_backend": "numpy"
  },
  "operations": {
    "store_single": {
      "count": 250,
      "avg_ms": 6.406190799782053,
      "median_ms": 5.275200004689395,
      "p95_ms": 6.757099996320903,
      "min_ms": 4.067700006999075,
      "max_ms": 108.7231999845244,
      "std_ms": 7.8675339172620085
    },
    "batch_store_20": {
      "count": 125,
      "avg_ms": 19.373200000729412,
      "median_ms": 18.187500012572855,
      "p95_ms": 22.74389995727688,
      "min_ms": 14.360999979544431,
      "max_ms": 84.81059997575358,
      "std_ms": 8.225508687727666
    },
    "retrieve_filtered": {
      "count": 250,
      "avg_ms": 7.496724800905213,
      "median_ms": 7.370200008153915,
      "p95_ms": 10.081200045533478,
      "min_ms": 4.791199986357242,
      "max_ms": 17.514700011815876,
      "std_ms": 1.527400707348111
    },
    "semantic_search": {
      "count": 250,
      "avg_ms": 18.88268879777752,
      "median_ms": 18.48009997047484,
      "p95_ms": 23.242400027811527,
      "min_ms": 14.37589997658506,
      "max_ms": 27.360500011127442,
      "std_ms": 2.313808066793092
    }
  },
  "quality": {
    "top1_cases": 200,
    "top1_exact_match_pct": 100.0
  }
}