{
  "metadata": {
    "timestamp_utc": "2026-02-28T20:52:49.100310+00:00",
    "python_version": "3.14.2 (tags/v3.14.2:df79316, Dec  5 2025, 17:18:21) [MSC v.1944 64 bit (AMD64)]",
    "platform": "Windows-11-10.0.26200-SP0",
    "runs": 150,
    "corpus_size": 600,
    "graph_backend": "networkx"
  },
  "graph_operations": {
    "add_thought": {
      "count": 100,
      "avg_ms": 47.285769997979514,
      "median_ms": 33.10780000174418,
      "p95_ms": 62.525699962861836,
      "min_ms": 26.384999975562096,
      "max_ms": 566.7922000284307,
      "std_ms": 70.12654710010464
    },
    "link": {
      "count": 150,
      "avg_ms": 3.867563996852065,
      "median_ms": 3.328000020701438,
      "p95_ms": 5.951199971605092,
      "min_ms": 2.55129998549819,
      "max_ms": 16.589900013059378,
      "std_ms": 1.933378985646663
    },
    "find_paths": {
      "count": 150,
      "avg_ms": 1.7969466613916059,
      "median_ms": 1.364799973089248,
      "p95_ms": 2.9605000163428485,
      "min_ms": 0.7642999989911914,
      "max_ms": 18.166700028814375,
      "std_ms": 2.237392680402923
    },
    "cluster_by_topic": {
      "count": 80,
      "avg_ms": 3.9180174935609102,
      "median_ms": 3.348700003698468,
      "p95_ms": 6.151899986434728,
      "min_ms": 1.6003999626263976,
      "max_ms": 28.019099961966276,
      "std_ms": 3.354850134651538
    },
    "temporal_range": {
      "count": 150,
      "avg_ms": 7.550598665062959,
      "median_ms": 6.564399984199554,
      "p95_ms": 14.387399947736412,
      "min_ms": 2.6883999817073345,
      "max_ms": 29.74309999262914,
      "std_ms": 4.086398759558159
    }
  },
  "reflection_cycle": {
    "latency": {
      "count": 60,
      "avg_ms": 13.902678337763064,
      "median_ms": 10.68389997817576,
      "p95_ms": 24.5800000266172,
      "min_ms": 9.295399999246001,
      "max_ms": 118.1172999786213,
      "std_ms": 14.501445662916682
    },
    "total_cycles": 60,
    "success_cycles": 60,
    "success_rate_pct": 100.0
  }
}